FID,ID,Lat,Lon
1,990212,35.2063,-101.8358
2,970965,33.9353,-117.8828
3,970871,34.3894,-118.0803
4,970618,34.1683,-118.4697
5,970584,34.2689,-118.3997
6,970557,33.7969,-118.1675
7,970402,34.0447,-117.8386
8,970383,34.2053,-117.8606
9,970305,34.2056,-117.7611
10,970233,34.075,-118.0417
11,970174,34.3789,-117.6889
12,970011,34.3763,-84.0599
13,960003,42.0792,-71.4648
14,951274,26.1734,-80.1784
15,950093,38.198,-120.367
16,950013,38.433,-122.25
17,940273,39.35,-123.317
18,940270,39.867,-123.717
19,940074,40.117,-121.05
20,940065,39.916,-120.64
21,940064,39.8997,-120.183
22,940008,31.4706,-96.8833
23,930245,34.345,-119.0767
24,930238,34.3314,-119.0087
25,930225,34.3908,-119.145
26,930224,34.4792,-118.8823
27,930209,34.7326,-119.1032
28,930175,34.2856,-119.155
29,930174,34.6825,-119.3532
30,930173,34.4281,-119.0903
31,930172,34.5133,-118.7576
32,930171,34.3935,-118.884
33,930168,34.2016,-119.207
34,930152,34.5605,-119.1503
35,930134,34.4838,-119.3057
36,923300,32.6833,-117
37,922820,32.7136,-117.17
38,922460,32.9494,-117.0628
39,922160,32.6092,-116.9272
40,922050,33.3833,-116.7833
41,921950,32.8658,-116.4164
42,921200,33.2386,-116.7617
43,921020,33.1167,-117.0833
44,920900,32.8822,-116.8069
45,920270,33.2214,-116.3347
46,910626,30.4331,-84.2608
47,910623,30.4586,-84.3211
48,910618,30.5272,-84.1917
49,910613,30.4844,-84.1956
50,910606,30.4833,-84.2992
51,910605,30.5053,-84.3308
52,900808,28.4361,-81.3714
53,900803,27.9717,-81.4175
54,900801,26.9072,-80.1917
55,900705,25.3306,-80.525
56,900684,26.9792,-81.09
57,900617,26.6244,-80.9483
58,900579,26.7744,-80.6175
59,900312,27.8031,-81.1981
60,900274,28.0017,-81.1936
61,900265,26.6844,-80.3675
62,900254,28.0994,-81.5286
63,900248,33.7069,-117.09
64,900243,27.4386,-81.2064
65,900240,26.7003,-80.7161
66,900233,33.9897,-116.6556
67,900225,27.4725,-81.1439
68,900224,33.8369,-116.6125
69,900222,33.82,-116.3928
70,900221,27.7528,-81.0772
71,900217,33.4967,-117.1492
72,900216,33.8319,-116.5578
73,900212,33.7153,-117.1903
74,900186,25.3669,-80.3764
75,900185,25.47,-80.3464
76,900178,34.0028,-117.3778
77,900157,33.5856,-116.4472
78,900155,33.9878,-117.2689
79,900151,33.8644,-117.1958
80,900143,26.4989,-80.2222
81,900142,27.5914,-81.4353
82,900124,33.9408,-117.1372
83,900102,33.8528,-117.4542
84,900089,33.6756,-116.6797
85,900062,33.6506,-117.4131
86,900055,26.1297,-81.7625
87,900034,33.7814,-116.4575
88,900020,26.5128,-80.9819
89,900011,33.9722,-116.9117
90,900007,25.9898,-80.8362
91,900004,26.0821,-80.6915
92,900003,26.2665,-80.7795
93,900001,26.1915,-80.4492
94,890099,35.3811,-120.1875
95,890051,40.2569,-124.2661
96,890041,33.445,-117.4181
97,870043,35.4333,-100.8
98,870032,35.2642,-100.2414
99,870031,29.5731,-99.4028
100,860090,36.0313,-96.4975
101,850588,31.0817,-98.0164
102,850568,33.2933,-98.0786
103,850424,29.8767,-100.8967
104,850328,33.65,-99.8
105,850308,31.3961,-94.1508
106,849770,38.007,-122.642
107,848954,38.247,-122.903
108,847028,38.067,-122.8
109,847027,37.995,-123.017
110,846833,38.222,-122.633
111,846290,38.133,-122.747
112,846188,38.0449,-122.6896
113,845996,37.9,-122.6
114,845647,37.896,-122.527
115,844652,37.94,-122.595
116,840660,48.6547,-101.6145
117,827000,29.8075,-94.2619
118,825500,29.9478,-94.4003
119,825400,29.9453,-94.3261
120,820201,33.7108,-117.5331
121,810055,37.6477,-122.0979
122,810022,32.7344,-96.695
123,810021,32.7361,-96.6567
124,810012,37.566,-121.9784
125,810004,32.8717,-96.7286
126,800421,34.7333,-120
127,800390,34.5111,-119.8239
128,800361,34.7,-120.5833
129,800259,34.5889,-120.4539
130,800258,34.6331,-120.4667
131,800249,34.8939,-120.0817
132,800238,34.7719,-119.6361
133,800233,34.6131,-120.1967
134,800228,34.445,-119.6883
135,800227,34.4706,-119.6756
136,800221,34.9825,-119.6681
137,800205,34.6975,-120.45
138,800070,48.058,-92.8411
139,799028,34.3121,-117.4785
140,799002,34.1238,-116.4093
141,796383,34.4683,-117.3932
142,796304,34.9516,-116.8642
143,793355,34.0442,-117.2471
144,793259,34.159,-116.7975
145,793132,34.0216,-117.0447
146,793023,34.034,-117.2104
147,793015,34.0519,-116.9527
148,792893,34.1872,-117.3211
149,792222,34.0233,-117.3322
150,792118,34.222,-117.4067
151,792017,34.1796,-117.4448
152,792015,34.1674,-117.25
153,792001,34.1038,-117.2685
154,791335,34.0411,-117.6239
155,791262,34.0123,-117.6883
156,791075,34.0719,-117.5928
157,790157,32.7817,-98.0603
158,790153,31.7831,-95.6039
159,790150,32.7333,-96.9667
160,790115,31.8111,-106.3758
161,790114,33.6542,-101.8136
162,790109,31.9433,-102.1889
163,790100,29.3783,-100.9269
164,790092,33.9786,-98.4928
165,790090,32.4106,-99.6822
166,790089,32.8192,-97.3614
167,790088,32.8519,-96.8556
168,790087,31.6189,-97.2283
169,790073,30.1831,-97.68
170,790065,28.0836,-97.0464
171,790063,29.3389,-98.4719
172,790061,29.98,-95.36
173,790056,29.7622,-95.3593
174,790055,29.3048,-94.7934
175,790048,27.7839,-97.5108
176,790047,29.2733,-94.8592
177,790045,29.5442,-98.4839
178,790041,29.9506,-94.0206
179,790040,43.9906,-70.9475
180,790039,29.5439,-98.2736
181,790034,26.2281,-97.6542
182,790031,33.2061,-97.1989
183,790029,32.6808,-96.8681
184,790027,32.35,-94.65
185,790017,30.5892,-96.3647
186,760065,42.2706,-83.4753
187,760062,42.6789,-83.1333
188,760061,31.925,-104.8253
189,760060,42.5475,-83.1742
190,760059,42.4556,-83.3756
191,760038,42.8378,-72.735
192,720009,39.2032,-123.1851
193,650100,30.3036,-97.6143
194,630228,29.8258,-96.5807
195,630224,29.8452,-97.0447
196,630212,30.1047,-97.3192
197,630209,30.2318,-97.4327
198,630191,30.2963,-97.9256
199,630187,30.4208,-97.7975
200,630180,30.5384,-97.9289
201,630145,30.5993,-98.1709
202,630142,30.6686,-98.211
203,630133,30.5577,-98.4722
204,630113,30.9232,-98.6846
205,630069,30.6576,-98.4276
206,630053,31.1577,-98.4725
207,630051,31.0167,-98.7221
208,610723,40.85,-96.6
209,610721,42.0667,-101.4333
210,610718,42.7333,-102.1667
211,610712,40.5667,-98.1333
212,610710,41.15,-97.9667
213,600500,35.1428,-93.895
214,600457,34.63,-84.0975
215,600353,25.9167,-81.2833
216,600352,26.2483,-81.2967
217,600164,44.1917,-103.5097
218,600162,43.3181,-101.1444
219,600121,29.9729,-94.9855
220,600082,30.0244,-95.4764
221,600041,38.8272,-106.2111
222,600026,38.8417,-107.7361
223,600023,39.7667,-108.3167
224,600022,29.6345,-95.1123
225,600019,29.5845,-95.1869
226,600013,37.2269,-107.3047
227,600011,29.4977,-95.1599
228,590042,37.9061,-91.6908
229,590014,37.3906,-90.3281
230,550412,40.2078,-105.5686
231,486597,41.3167,-108.9167
232,486555,41.2708,-110.3306
233,483100,41.265,-110.95
234,482175,41.7333,-107.7333
235,479304,45.8833,-91.07
236,479218,44.7314,-90.7217
237,478963,44.8667,-89.65
238,478589,43.9994,-91.4378
239,478259,44.4964,-91.3964
240,478164,43.1342,-90.8372
241,478163,43.1833,-90.8667
242,478027,45.8236,-91.8761
243,476859,45.5447,-90.3017
244,476510,45.0281,-87.7356
245,475948,45.1167,-92.5639
246,475524,46.1006,-91.8178
247,475479,42.955,-87.9044
248,475352,46.1683,-90.0722
249,475335,44.8742,-91.9364
250,475120,44.6322,-90.1314
251,474961,43.1406,-89.3453
252,474937,43.2111,-91.0992
253,474894,45.5733,-92.485
254,474821,43.2,-90.1833
255,473756,43.4406,-88.6325
256,473654,43.6542,-90.3339
257,473636,45.6811,-88.9603
258,473453,43.3311,-88.4114
259,473269,44.4794,-88.1378
260,473038,43.5706,-91.2294
261,472745,43,-90.65
262,472507,43.8,-88.6333
263,472447,44.7247,-89.7567
264,472302,42.8667,-88.5167
265,471913,42.6253,-90.4592
266,471897,45.3575,-88.1919
267,471708,44.3667,-89.5333
268,471578,44.9278,-91.4081
269,471416,43.0603,-89.4781
270,470890,42.8169,-89.8628
271,470855,44.2903,-90.8539
272,470735,43.9667,-88.95
273,470456,44.2994,-90.1306
274,470349,46.5831,-90.9678
275,470308,43.3008,-89.3269
276,470124,44.3272,-91.9194
277,469333,38.4833,-80.4167
278,469086,38.5453,-80.0369
279,469011,37.5436,-80.5336
280,468986,39.3139,-80.03
281,468924,38.7,-81.85
282,468777,39.4467,-79.5469
283,467730,39.3389,-78.7728
284,466859,39.2811,-81.5572
285,466163,39.0461,-78.9664
286,465712,39.4667,-78
287,465672,38.2175,-80.0914
288,465353,37.8611,-81.9961
289,465341,38.8531,-80.9669
290,465002,39.72,-79.8561
291,464763,39.3833,-77.8833
292,464393,38.365,-82.555
293,464388,38.4167,-82.45
294,464369,39.7,-80.4667
295,463816,39.05,-80.1167
296,463749,38.2381,-81.9853
297,463238,39.1303,-80.4506
298,463215,38.6756,-79.3092
299,463072,37.5894,-81.0925
300,462718,38.8853,-79.8528
301,462462,37.8594,-81.465
302,462209,39.1333,-79.4667
303,461959,38.4864,-81.2711
304,461677,39.2692,-80.3528
305,461570,38.3794,-81.5914
306,461393,39.05,-79.4167
307,460582,37.7836,-81.1231
308,449301,36.9317,-81.0942
309,449272,36.7817,-80.2689
310,449151,37.3017,-76.7039
311,449060,37.1833,-80.8167
312,448906,38.8483,-77.0342
313,448547,36.66,-81.4053
314,448396,38.8956,-77.7547
315,448046,39.0858,-78.4442
316,447285,37.3169,-79.9742
317,447201,37.505,-77.3203
318,447025,36.9833,-78.7
319,446955,37.0556,-80.7842
320,446712,38.2317,-78.1208
321,446692,36.7764,-80.0272
322,446475,37.5831,-75.8217
323,445851,39.0625,-77.8892
324,445595,38.3569,-79.7264
325,444452,37.6833,-80.1
326,444414,36.6003,-78.3011
327,444246,36.9,-80.5667
328,444185,37.4167,-82.0167
329,444180,37.3653,-82.0561
330,444128,37.9969,-79.8317
331,444078,37.0167,-82
332,443623,36.8667,-81.35
333,443310,37.9458,-79.9542
334,442269,37.1167,-82.1
335,442044,37.8106,-79.9883
336,441708,38.2333,-79.1667
337,441614,36.8225,-79.4106
338,441598,38.0333,-78.5167
339,440778,37.0833,-78.0167
340,440166,37.0633,-79.165
341,440013,36.6667,-82.1
342,439691,43.65,-72.3167
343,438556,43.7917,-72.2578
344,437152,42.868,-72.916
345,437054,44.42,-72.0194
346,435982,43.3392,-72.5056
347,435733,44.1647,-72.6567
348,435632,44.4667,-72.1167
349,435542,44.9489,-72.1911
350,435492,43,-72.6333
351,435366,44.5617,-72.6028
352,434882,43.1667,-73.0667
353,434747,43.3939,-72.7103
354,433914,44.9339,-73.0494
355,433400,43.1906,-72.6253
356,431565,44.0069,-72.3194
357,431072,44.4833,-73.1833
358,430563,42.9167,-73.2167
359,430277,43.1098,-72.7974
360,429382,40.7206,-114.0356
361,429136,37.3522,-113.6667
362,427846,40.6008,-111.5842
363,427598,40.7725,-111.9553
364,427516,37.1061,-113.5672
365,427395,40.3,-109.9833
366,427260,38.7619,-112.0781
367,427064,40.2436,-111.6506
368,426938,41.8744,-112.1475
369,426414,41.2319,-112.0281
370,426404,41.2439,-111.9475
371,426135,39.7125,-111.8322
372,426127,40.5367,-110.0622
373,425892,40.7497,-111.7222
374,425654,38.4333,-113.0167
375,425186,41.7456,-111.8033
376,423624,40.4,-110.7594
377,423611,38.3706,-110.7153
378,423056,40.2167,-110.85
379,422864,40.9317,-109.4117
380,422696,40.2622,-112.0906
381,422578,39.3706,-111.5858
382,422561,37.6833,-113.65
383,422385,40.9667,-111.4333
384,422090,39.3833,-112.5167
385,421759,40.6189,-111.7833
386,421590,40.9383,-111.1492
387,421308,37.7167,-109.0833
388,421008,37.6411,-112.1689
389,420336,38.6172,-109.6192
390,420168,38.2492,-111.9603
391,419976,26.8706,-99.2536
392,419893,33.0178,-99.0539
393,419858,36.2333,-100.6667
394,419829,31.7667,-103.15
395,419715,31.8611,-97.375
396,419665,30.9003,-96.3953
397,419588,26.1781,-97.9708
398,419565,34.8422,-100.2103
399,419532,32.7483,-97.77
400,419499,31.6725,-100.7283
401,419491,30.3236,-96.1594
402,419417,31.6003,-97.2169
403,419365,28.7875,-97.0106
404,419280,30.8333,-96.6333
405,419270,30.5908,-104.4914
406,419163,33.7569,-99.8617
407,419037,31.3167,-103.9833
408,418996,29.4822,-95.6314
409,418942,33.4367,-94.0772
410,418910,31.0781,-97.3183
411,418862,30.5844,-97.4156
412,418859,32.3,-94.5167
413,418845,29.6675,-99.2883
414,418778,32.4561,-95.4231
415,418761,35.9667,-101.8667
416,418743,33.1481,-95.6269
417,418647,35.8185,-101.4425
418,418646,31.0372,-97.5283
419,418631,31.9186,-100.8786
420,418625,32.1667,-98.3167
421,418583,32.9403,-99.8036
422,418563,32.9086,-97.6786
423,418544,29.8653,-98.3797
424,418531,30.4828,-98.1597
425,418446,30.3367,-96.5403
426,418415,30.0067,-97.1689
427,418305,31.185,-105.3233
428,418265,30.4833,-95
429,418081,27.2169,-97.6956
430,418047,31.7428,-99.3106
431,418023,30.2156,-102.4164
432,417992,31.1966,-98.7164
433,417944,31.3706,-100.4942
434,417700,31.0167,-94.4
435,417594,29.5839,-95.7553
436,417556,32.9536,-97.5739
437,417481,31.9061,-103.9294
438,417480,31.2175,-98.5833
439,417431,31.2286,-101.9461
440,417300,31.9633,-98.4942
441,417140,28.6575,-96.5553
442,417074,33.1875,-102.8286
443,417066,32.9264,-94.9392
444,417060,33.5992,-100.5319
445,416992,30.4333,-97.6167
446,416893,31.3783,-103.6333
447,416792,29.3272,-103.2061
448,416776,35.5544,-100.9736
449,416504,32.9711,-101.8247
450,416270,33.4547,-94.4089
451,416210,31.9611,-96.6881
452,416136,34.2208,-102.7367
453,416135,34.2192,-102.7328
454,416108,33.1689,-95.0056
455,416104,30.6716,-104.0225
456,415996,31.3933,-98.3081
457,415957,32.7864,-98.1183
458,415890,31.9431,-102.1906
459,415658,34.0044,-100.825
460,415596,30.3125,-104.0722
461,415591,30.4833,-104.1167
462,415538,30.1333,-97.8333
463,415528,31.9442,-96.8464
464,415463,32.3317,-96.1506
465,415429,29.6756,-97.6578
466,415398,31.1333,-95.45
467,415358,32.4167,-100.7167
468,415272,30.7425,-98.6542
469,415247,36.2358,-100.2675
470,415193,30.4064,-97.0136
471,415192,33.0694,-97.0094
472,415113,29.7392,-99.7611
473,415081,32.35,-94.1
474,415048,29.8097,-101.5603
475,414982,33.7542,-99.1442
476,414975,33.7411,-95.9217
477,414974,32.3333,-100.9167
478,414920,28.9831,-99.8686
479,414903,29.9175,-96.8769
480,414878,30.375,-94.2994
481,414792,31.0658,-97.6919
482,414704,29.8025,-95.8197
483,414679,33.0806,-97.2967
484,414670,30.4453,-99.8045
485,414605,30.2861,-98.4089
486,414591,31.35,-96.15
487,414577,32.7692,-94.3558
488,414570,33.2544,-100.5725
489,414440,31.6667,-98.4167
490,414425,31.2667,-102.7
491,414362,30,-95.25
492,414331,29.8042,-95.4914
493,414328,29.9167,-95.15
494,414323,29.8667,-95.4167
495,414311,29.7147,-95.5947
496,414278,31.8456,-99.5606
497,414191,28.7167,-98.8
498,414137,31.9844,-98.0311
499,414098,34.8167,-102.4
500,413871,30.1333,-99.6
501,413770,31.5167,-96.5333
502,413691,32.9506,-97.0553
503,413686,30.7189,-97.3211
504,413646,32.2422,-98.6631
505,413642,33.7953,-96.8531
506,413546,32.7464,-95.0497
507,413507,30.6836,-97.7172
508,413415,33.6358,-97.1447
509,413411,32.7744,-101.4539
510,413410,35.6317,-100.3922
511,413370,33.1925,-96.7931
512,413329,30.2392,-98.9089
513,413285,32.8339,-97.2975
514,413278,30.3833,-103.0333
515,413270,30.9303,-100.1125
516,413171,31.3089,-97.6306
517,413156,29.9756,-98.2647
518,413133,32.5339,-96.6608
519,413005,31.4625,-98.1619
520,412809,30.8694,-100.5994
521,412797,31.8111,-106.3758
522,412741,31.2208,-99.8494
523,412679,28.7569,-100.4792
524,412621,33.8094,-100.5169
525,412462,30.3561,-96.8289
526,412415,33.5639,-95.3742
527,412394,33.8167,-96.5667
528,412206,30.0211,-95.7069
529,412128,32.1167,-99.1667
530,412096,32.5286,-97.6189
531,412082,31.4011,-102.3122
532,412014,27.8,-97.4
533,411921,33.1997,-95.9283
534,411911,29.6989,-96.5731
535,411773,33.6108,-95.0717
536,411671,29.3092,-97.4061
537,411646,35.6853,-102.31
538,411492,29.7908,-100.6742
539,411433,29.9464,-98.3969
540,411165,30.75,-98.4167
541,411081,32.55,-97.0667
542,411068,30.8833,-97.9333
543,411057,34.6833,-100.9
544,410917,30.7333,-93.65
545,410784,32.2683,-101.4858
546,410738,30.7603,-98.0164
547,410691,32.6475,-97.4439
548,410665,31.1,-97.4833
549,410639,28.4575,-97.7061
550,410613,30.0689,-94.2928
551,410509,30.14,-98.8189
552,410367,33.8756,-95.5022
553,410305,28.3081,-96.8047
554,410262,33.35,-96.5167
555,410248,32.3167,-102.55
556,410174,30.3764,-103.66
557,410050,31.2833,-98.15
558,409701,36.3667,-83.9
559,409219,36.3925,-89.0317
560,408766,36.2492,-84.6969
561,408758,35.55,-85.9833
562,408704,35.5333,-87.8167
563,408598,36.4833,-82.9333
564,408203,35.75,-87.2833
565,408113,35.2333,-88.2167
566,408065,36.4528,-89.3028
567,406977,36.2872,-88.2958
568,406402,36.1253,-86.6764
569,406371,35.9211,-86.3786
570,406358,35.4556,-89.8114
571,406170,36.1542,-85.2639
572,405720,35.4156,-89.5314
573,405327,36.4333,-85.2833
574,405210,35.6467,-88.3975
575,405187,35.4142,-86.8083
576,405108,36.2289,-86.3178
577,404678,36.0333,-87.9833
578,404613,36.1222,-83.4739
579,404392,35.8167,-88.9333
580,402680,36.0456,-89.3697
581,402489,36.0747,-87.3936
582,401978,35.0328,-84.7347
583,401663,36.3244,-87.2244
584,401656,35.0311,-85.2014
585,401561,36.54,-85.4589
586,401480,36.2456,-85.9444
587,401323,35.4667,-85.45
588,401295,36.35,-82.0167
589,401094,36.4731,-82.4044
590,400876,35.2622,-88.9892
591,400603,35.1333,-86.2
592,399537,45.0669,-102.9956
593,398980,45.4247,-97.3269
594,398932,44.9047,-97.1494
595,398622,42.7625,-96.9194
596,398007,43.5947,-98.4367
597,397992,44.2694,-99.4689
598,397667,43.5778,-96.7539
599,397662,43.7378,-96.6267
600,397052,44.8656,-98.5253
601,396636,44.5169,-102.2153
602,396427,44.0622,-103.4819
603,396304,43.4033,-103.2683
604,396282,45.2317,-99.4711
605,396170,44.4419,-100.4175
606,395891,43.8894,-100.7078
607,395691,45.5656,-100.4489
608,395620,43.3061,-100.6558
609,395544,44.5208,-101.6192
610,395481,43.2358,-97.5714
611,395421,45.5333,-102.2167
612,395381,45.8383,-101.2767
613,394864,45.9397,-102.1575
614,394766,44.0644,-99.4603
615,394651,43.1008,-101.5658
616,394268,45.3953,-101.4292
617,394184,43.7483,-101.9414
618,392852,45.0203,-102.0367
619,392557,43.3036,-103.8458
620,392334,43.4,-99.5167
621,391452,44.6886,-97.8889
622,391294,45.5489,-103.9744
623,391114,45.5958,-103.5453
624,391076,44.3253,-96.7686
625,390217,43.35,-103.4333
626,390113,43.0289,-96.6289
627,388879,33.6333,-81.3833
628,388707,34.9494,-82.4428
629,387712,33.45,-80.15
630,387560,33.6525,-80.7806
631,386893,33.25,-79.9833
632,386831,34.8819,-82.7189
633,386209,34.2825,-81.6269
634,386114,34.1944,-79.2478
635,385493,33.695,-80.2364
636,385306,34.0347,-78.8825
637,385278,34.8158,-83.2494
638,385017,34.4989,-82.0219
639,384918,34.7003,-80.7533
640,383747,34.8847,-82.2239
641,381770,34.6603,-82.8236
642,381726,33.6631,-82.1897
643,381549,32.7833,-79.9333
644,369966,41.85,-79.3167
645,369938,39.94,-76.7253
646,369728,41.2433,-76.9217
647,369408,41.7003,-77.3894
648,369367,39.9,-80.1667
649,369312,40.1833,-80.2333
650,369024,40.7167,-78.2
651,369022,40.6644,-78.2192
652,368989,40.45,-79.3833
653,368905,41.7506,-76.4428
654,368893,41.1386,-75.2225
655,368885,41.6333,-79.6667
656,368873,41.4833,-79.4333
657,368763,40.85,-75.9833
658,368758,40.7947,-75.9753
659,368725,41.2833,-76.1333
660,368596,41.0125,-75.1906
661,368589,40.55,-78.9167
662,368469,41.4,-78.0167
663,368449,40.7933,-77.8672
664,368379,39.8667,-76.8667
665,368275,41.5167,-75.4
666,368184,41.05,-80.0667
667,368026,41.7089,-79.1464
668,367965,40.1833,-77.8667
669,367938,40.3589,-75.3222
670,367931,40.7831,-76.8611
671,367855,41.9167,-79.0333
672,367732,39.8958,-76.3947
673,367540,40.7167,-80.3
674,367410,41.2333,-77.7667
675,367318,40.3333,-75.9667
676,367312,40.3814,-78.0753
677,367229,40.925,-79.2825
678,367186,41.5892,-75.33
679,367116,40.5833,-76.0333
680,367029,41.7333,-75.45
681,366997,40.45,-80
682,366927,40.12,-75.5011
683,366916,40.9167,-78.0667
684,366889,39.8683,-75.2311
685,366852,40.355,-77.6544
686,366792,40.8653,-75.2458
687,366689,40.8,-75.6167
688,366419,40.0833,-75.0167
689,366233,41.0172,-80.3619
690,366066,40.385,-77.8789
691,366004,40.7875,-76.4508
692,365825,40.7333,-77.6333
693,365817,41.1,-76.5667
694,365775,40.5333,-76.9167
695,365654,41.2333,-80.25
696,365627,41.2833,-78.4
697,365601,41.2167,-75.6333
698,365400,41.4833,-79.1
699,365336,40.8,-78.4
700,365109,41.1167,-77.45
701,364992,40.5869,-77.5697
702,364984,41.8417,-78.6433
703,364934,40.8222,-75.6961
704,364896,40.3333,-76.4667
705,364778,40.1167,-76.4333
706,364432,41.6767,-78.8036
707,364397,40.6075,-76.4642
708,364390,40.3167,-78.9167
709,364325,41.5,-80.4667
710,364304,41.95,-77.0167
711,364214,40.6,-79.1167
712,364027,40.75,-79.1
713,364019,39.8333,-76.3333
714,364001,40.4383,-78.4169
715,363762,41.4667,-75.1333
716,363761,41.4667,-75.1833
717,363699,40.2167,-76.85
718,363515,40.3,-79.5167
719,363330,39.8,-76.7333
720,363321,40.0997,-75.7506
721,363295,39.8167,-78.8333
722,363018,41.1167,-75.7333
723,362942,40.7167,-79.5
724,362721,40.0136,-78.3653
725,362682,42.08,-80.1825
726,362644,41.4333,-77.2833
727,362629,41.5067,-78.2275
728,362537,39.805,-77.2292
729,362298,40.2872,-78.7242
730,362265,41.1,-78.6333
731,362260,41.1783,-78.8989
732,362245,41.3419,-78.1403
733,362160,41.2167,-74.8667
734,361961,40.9583,-78.5294
735,361726,39.9969,-79.5964
736,361705,39.7994,-79.3669
737,361529,41.6833,-78.5
738,361485,41.1922,-79.4356
739,361400,41.6667,-77.8167
740,361354,39.9353,-77.6394
741,361262,41.6167,-77.75
742,361215,41.6667,-76.8667
743,361139,40.85,-79.9167
744,360763,40.2636,-77.3639
745,360743,41.1,-75.6
746,360725,40.3025,-77.5892
747,360651,39.8167,-78.0833
748,360313,42,-77.5333
749,360204,40.5833,-79.6
750,360147,41.3583,-77.9267
751,360106,40.6508,-75.4492
752,354670,42.2139,-120.3636
753,349748,35.1419,-96.6758
754,349724,34.9417,-94.7039
755,349629,34.7325,-98.7125
756,349450,35.5872,-95.1683
757,349404,36.5758,-98.8797
758,349023,34.6147,-95.2803
759,348769,35.6,-95.05
760,348708,36.0381,-98.9592
761,348501,36.1175,-97.095
762,348497,35.2453,-95.1144
763,348101,36.2892,-99.8933
764,347739,36.1672,-95.0292
765,347705,34.6403,-96.8783
766,347660,36.7889,-100.4183
767,347412,36.5447,-101.0842
768,347309,36.3092,-95.3297
769,347201,36.7367,-97.1019
770,347080,34.1167,-95.0833
771,346935,36.6692,-96.3472
772,346740,36.65,-101.1333
773,346729,36.3667,-95.6667
774,346661,35.3889,-97.6006
775,346620,35.7272,-97.9811
776,346485,36.6917,-95.6436
777,346130,35.7781,-95.3339
778,345589,36.1522,-97.6225
779,345463,35.7481,-99.8178
780,345108,34.4339,-96.2717
781,344975,35.2928,-95.4322
782,344865,33.93,-96.6961
783,344812,36.15,-96.25
784,344393,36.9167,-96.1
785,344202,35.0256,-99.0919
786,344098,35.95,-96.2833
787,344052,34.5828,-97.3464
788,343740,36.7425,-98.1331
789,343628,36.5914,-101.6181
790,343497,35.6267,-98.3225
791,343304,36.5442,-99.535
792,343286,35.8833,-95.2833
793,343281,35.1,-98.4333
794,343002,36.7975,-101.9075
795,342849,35.4167,-99.4167
796,342660,34.5011,-97.9592
797,341902,36.2903,-96.5369
798,341750,35.0489,-97.9158
799,341684,35.7061,-96.88
800,341544,34.2661,-94.7753
801,341437,34.23,-96.195
802,340908,36.7236,-102.4803
803,340292,34.1714,-97.1294
804,340256,34.2208,-95.615
805,340242,35.75,-99.1
806,340215,36.2483,-98.1883
807,340179,34.5903,-99.3344
808,340028,36.4008,-95.3
809,339422,39.9167,-82
810,339406,41.2544,-80.6739
811,339357,39.7167,-83.9667
812,339312,40.7833,-81.9167
813,339298,39.7833,-81.1
814,339211,40.15,-81.85
815,338810,38.7003,-82.4736
816,338794,39.5269,-83.4281
817,338774,41.2167,-80.8
818,338552,40.1,-83.7833
819,338539,40.8167,-83.2833
820,338020,40.3667,-80.6167
821,337698,40.2983,-84.1633
822,337559,39.9222,-81.4347
823,337179,40.6833,-84.65
824,336949,41.1333,-81.2833
825,336882,41.65,-82.8
826,336781,38.7569,-82.8872
827,336702,40.6167,-82.3333
828,336650,40.1333,-84.2333
829,336384,41.7167,-81.2167
830,336196,41.2667,-82.2167
831,335904,40.5,-81.45
832,335878,39.4667,-81.1167
833,335585,40.3833,-82.4667
834,335573,39.7333,-83.2833
835,335398,40.3486,-82.0908
836,335315,40.7167,-80.9
837,335297,40.55,-81.9167
838,334979,40.2411,-83.3669
839,334942,40.6167,-83.1333
840,334865,40.8203,-82.5178
841,334789,41.7,-84.0667
842,334681,39.8833,-83.45
843,334672,39.5292,-82.385
844,334551,40.7247,-84.1294
845,334473,40.4667,-81.2
846,334459,39.3689,-84.2394
847,334189,40.6489,-83.6061
848,333758,39.2,-83.6167
849,333421,41.0183,-84.4725
850,333375,40.1,-84.65
851,333356,39.3542,-83.4056
852,333042,40.3833,-82.4
853,333021,40.7167,-82.8
854,332905,41.15,-83.4333
855,332651,39.35,-84.5833
856,332512,41.45,-84.7333
857,332485,39.7347,-84.6336
858,332305,39.6333,-80.8833
859,332272,40.5667,-81.4167
860,332205,40,-82.0833
861,332098,41.2833,-84.3833
862,332090,39.6253,-83.2128
863,332075,39.9061,-84.2186
864,331905,40.3667,-81.8
865,331818,41.9833,-80.5667
866,331786,39.9914,-82.8808
867,331770,40.8833,-80.6833
868,331657,41.405,-81.8528
869,331592,39.6106,-82.9547
870,331581,39.1,-84.5167
871,331541,41.0517,-81.9361
872,331536,38.7983,-84.1731
873,331528,39.3744,-83.0036
874,331466,40.74,-82.3569
875,331404,40.3,-82.65
876,331259,40.7667,-81.3833
877,331197,40.0167,-81.5833
878,331113,41.4667,-81.1667
879,331042,41.4619,-84.5272
880,330639,41.0333,-81.0167
881,330493,40.6333,-81.5667
882,330107,40.955,-81.1169
883,330059,41.15,-81.5667
884,329455,47.1603,-100.7892
885,329219,46.0233,-101.5664
886,328057,47.8333,-99.1167
887,327844,48.945,-98.9947
888,327585,47.4981,-101.375
889,327530,46.8886,-102.3192
890,326947,48.9711,-97.2417
891,326535,49,-102.2667
892,326155,46.3719,-102.3164
893,326105,46.7006,-98.5839
894,325993,48.1803,-101.2964
895,325833,47.3333,-99.0333
896,325720,48.5969,-102.9283
897,324823,48.7,-100.7
898,324413,46.9258,-98.6692
899,324343,47.35,-100.0167
900,324186,46.25,-102.6833
901,324178,45.9925,-102.6442
902,323621,47.9217,-97.0981
903,323616,47.9428,-97.1839
904,322859,46.9253,-96.8111
905,322482,46.3694,-98.7661
906,322188,46.8911,-102.8111
907,322183,46.7994,-102.7972
908,322158,48.1069,-98.8417
909,322018,46.8661,-99.7492
910,321435,48.8628,-97.7014
911,321362,47.5089,-99.1211
912,321052,46.3797,-100.9408
913,320995,46.1825,-103.4061
914,320819,46.7825,-100.7572
915,320492,47.9197,-100.5669
916,320189,48.9975,-103.4878
917,319675,36.1306,-80.5481
918,319476,35.6939,-77.9456
919,319457,34.2683,-77.9061
920,319191,36.4333,-77.6
921,318216,35.6167,-83.2
922,317850,35.2667,-81.55
923,317319,36.4783,-77.6717
924,317079,35.7944,-78.6989
925,317069,35.8706,-78.7864
926,316891,35.1739,-79.0089
927,316261,36.0731,-80.9775
928,316231,35.7,-82.3333
929,315945,35.4117,-80.4308
930,315830,34.7333,-76.7333
931,315814,35.6,-80.8333
932,315402,35.8167,-82.95
933,314970,35.8458,-80.2597
934,314860,34.7508,-79.4664
935,314764,35.4206,-82.1881
936,314649,36.0167,-75.6667
937,314136,35.2333,-76.6
938,313957,36.5631,-81.5039
939,313925,35.3,-82.9167
940,313630,36.0975,-79.9436
941,313017,35.0583,-78.8583
942,312732,34.6267,-78.5783
943,312719,36.3097,-76.205
944,312631,36.4742,-79.7433
945,312388,36.4119,-80.7192
946,312230,36.3,-80.4
947,311690,35.2225,-80.9542
948,311564,35.6167,-83.1
949,311458,35.2322,-75.6225
950,311241,36.1278,-79.4069
951,311159,35.4333,-83.45
952,310967,36.0694,-81.3517
953,310909,35.35,-82.3667
954,310438,35.4592,-80.1828
955,310300,35.4358,-82.5392
956,309670,41.2664,-73.7975
957,309576,41.0167,-73.85
958,309442,42.35,-75.9667
959,309400,41.0167,-73.7333
960,309072,42.1172,-77.9475
961,309000,43.9761,-75.8753
962,308944,44.1481,-74.9003
963,308910,42.7417,-78.5097
964,308839,43.0044,-77.4472
965,308720,40.8706,-72.8914
966,308586,42.9464,-74.2886
967,308503,43.85,-73.4167
968,308498,42.2,-77.3333
969,308403,42.1833,-74.15
970,308383,43.1092,-76.1033
971,308290,43.8389,-76.2675
972,308248,43.9,-75.0367
973,308058,42.7167,-78.6
974,307799,42.0124,-74.4159
975,307780,42.9461,-76.4314
976,307633,40.9586,-73.1047
977,307514,42.8,-73.9167
978,307497,40.9833,-73.8
979,307484,43.0333,-73.8167
980,307400,42.1506,-78.7203
981,307398,42.1581,-78.7217
982,307167,43.1167,-77.6767
983,307134,40.9619,-72.7158
984,307035,41.8847,-73.8686
985,306839,42.3281,-74.4422
986,306825,41.7167,-73.9333
987,306820,41.7267,-73.92
988,306768,40.95,-73.0667
989,306685,42.6167,-75.6
990,306674,41.1314,-73.7758
991,306623,43.4614,-74.5231
992,306464,42.8667,-77.9833
993,306314,43.4617,-76.4928
994,306184,43.7025,-74.9839
995,306119,41.5,-74.65
996,305821,40.6333,-74.1167
997,305811,40.7792,-73.88
998,305806,40.85,-73.9167
999,305803,40.6386,-73.7622
1000,305801,40.7889,-73.9669
1001,305682,42.2411,-76.1728
1002,305618,40.9,-73.8333
1003,305604,42.45,-76.3667
1004,305597,42.7314,-77.9053
1005,305435,41.6167,-74.8167
1006,305346,41.95,-73.5167
1007,305134,44.9358,-74.8458
1008,305072,42.9833,-76.3833
1009,304912,43.7975,-75.4817
1010,304613,40.9333,-73.75
1011,304555,44.2444,-73.9855
1012,304473,42.4167,-74.8
1013,304207,42.1183,-79.1525
1014,304174,42.45,-76.45
1015,304102,43.755,-74.2692
1016,304025,42.25,-73.8
1017,303983,42.35,-77.7
1018,303979,42.2333,-77.05
1019,303970,43.3117,-74.2478
1020,303184,42.8778,-77.0303
1021,303033,42.4494,-79.2286
1022,302582,41.7167,-74.4
1023,302530,42.7669,-75.2344
1024,302526,42.6833,-75.25
1025,302454,42.3333,-75.2333
1026,302277,42.9,-77.4333
1027,302129,41.0072,-73.8344
1028,301987,42.4667,-74.8
1029,301949,41.0167,-72.5
1030,301466,42.1667,-75.4
1031,301265,42.95,-76.7333
1032,301207,41.4333,-73.6833
1033,301185,44.5772,-75.1097
1034,301012,42.9408,-78.7358
1035,300862,40.7833,-73.25
1036,300785,43.4394,-75.3711
1037,300766,42.1225,-78.2064
1038,300687,42.2078,-75.9814
1039,300443,43.0303,-78.1692
1040,300331,42.7333,-76.65
1041,300270,42.2667,-76.6333
1042,300047,42.6461,-73.7472
1043,300042,42.7431,-73.8092
1044,299897,35.1,-108.7833
1045,299686,32.7817,-106.1747
1046,299265,33.2833,-104.6167
1047,299156,35.2,-103.6833
1048,298518,35.1672,-105.9608
1049,298501,36.3661,-104.5936
1050,298085,35.6194,-105.9753
1051,297827,35.0833,-107.6
1052,297736,32.8,-105.5667
1053,297609,33.4,-104.5333
1054,297534,31.8333,-109.0333
1055,297423,33.75,-107.2167
1056,297346,36.1833,-106.95
1057,297283,36.75,-104.5
1058,297254,34.15,-105
1059,297094,34.4167,-105.8833
1060,296435,32.3789,-106.0911
1061,296275,36.2,-105.0667
1062,295834,35.1667,-107.0167
1063,295754,32.9325,-108.0142
1064,294719,35.0333,-107.4
1065,294426,32.6167,-106.7333
1066,294366,35.3833,-106.5333
1067,294112,32.8167,-104.7333
1068,294089,33.3803,-105.2544
1069,294009,32.9236,-107.5628
1070,293265,32.7939,-108.1517
1071,293225,32.4333,-107.4833
1072,293142,36.7,-108.25
1073,292837,36.6,-106.7333
1074,292700,36.3908,-105.2628
1075,292665,34.4667,-105.4
1076,292510,35.1833,-105.05
1077,292436,32.25,-107.7333
1078,292241,36.0106,-106.9683
1079,292219,35.6833,-108.15
1080,292203,33.5167,-103.3333
1081,292030,35.4072,-104.1906
1082,292024,31.8333,-107.6333
1083,291982,35.6414,-106.3322
1084,291939,34.3667,-103.2
1085,291887,36.45,-103.15
1086,291840,33.9,-105
1087,291515,33.6308,-105.8964
1088,291469,32.4306,-104.2456
1089,291446,33.35,-103.6333
1090,291286,32.9,-107.3
1091,291138,33.7667,-106.9
1092,291018,35.1,-108.7833
1093,290935,35.1567,-106.7296
1094,290903,35.3333,-106.5333
1095,290890,35.1906,-106.4956
1096,290880,35.1506,-106.5717
1097,290818,33.4167,-108.1167
1098,290640,34.075,-107.6211
1099,290600,32.7747,-104.3881
1100,290417,31.9378,-108.7686
1101,290234,35.0422,-106.6064
1102,290199,32.9183,-105.9467
1103,290041,36.2333,-106.4333
1104,289761,40.2378,-74.5861
1105,289271,40.6622,-74.4164
1106,289187,41.0444,-74.2933
1107,288880,40.2714,-74.7919
1108,288423,40.6964,-74.3364
1109,287393,40.6006,-74.2569
1110,286146,40.9611,-74.0158
1111,286055,40.4719,-74.4364
1112,286026,40.7158,-74.1694
1113,285866,39.9883,-74.8047
1114,285576,39.4,-75.05
1115,284887,40.8858,-74.2261
1116,283291,39.7358,-75.0953
1117,281351,38.9536,-74.9358
1118,280311,39.4494,-74.5672
1119,279726,42.7667,-72.3667
1120,278972,43.0847,-71.7383
1121,278885,43.9097,-71.8878
1122,278539,42.9967,-72.3128
1123,276856,45.0467,-71.3836
1124,276818,44.2574,-71.2538
1125,276550,42.9453,-72.2369
1126,276234,44.75,-71.6303
1127,275712,42.7914,-71.4736
1128,275639,44.2698,-71.3037
1129,275013,42.8942,-71.9842
1130,273850,43.7033,-72.2847
1131,272842,44.7889,-71.1231
1132,272174,43.15,-70.95
1133,271950,43.0908,-71.8678
1134,270741,43.3167,-71.7167
1135,270493,44.1511,-71.9681
1136,269234,39,-119.1667
1137,269171,40.9667,-117.7167
1138,268988,41.1006,-114.9736
1139,268977,38.75,-119.3667
1140,268838,39.6911,-119.2903
1141,268822,39.0747,-119.1189
1142,268170,38.0603,-117.0872
1143,267908,38.4236,-115.0228
1144,267640,39.0403,-116.1989
1145,267620,38.7839,-117.1742
1146,267612,38.8822,-119.3511
1147,267397,40.9,-115.3167
1148,267369,35.4661,-114.9217
1149,266630,38.45,-116.1667
1150,265880,37.2692,-115.1197
1151,265869,41.95,-116.1
1152,265441,39.3422,-119.8636
1153,265362,37.9667,-118.3167
1154,265191,38.9547,-119.7758
1155,264651,36.6167,-114.4833
1156,264527,41.5172,-118.7192
1157,264436,36.0833,-115.1667
1158,264086,40.45,-115.65
1159,263515,38.55,-118.6667
1160,262573,40.825,-115.7917
1161,262477,39.3,-117.8833
1162,261905,41.7706,-114.7528
1163,260961,38.3833,-116.2167
1164,260718,36.995,-116.7183
1165,260691,40.6167,-116.8667
1166,260507,39.4961,-117.0719
1167,259095,40.9167,-96.2333
1168,259090,40.8639,-96.1414
1169,258836,42.55,-98.2
1170,258510,41.9792,-100.5747
1171,258025,41.6031,-98.3483
1172,257835,41.1,-102.9833
1173,257685,41.6678,-96.6689
1174,257665,41.8706,-103.5931
1175,257305,42.0667,-96.5
1176,256720,42.1958,-97.5206
1177,256630,42.1153,-96.7058
1178,256575,40.0667,-96.0833
1179,256386,41.4953,-102.1844
1180,256290,42.4594,-98.6564
1181,256260,41.3536,-96.0233
1182,256065,41.1214,-100.6694
1183,255362,41.1431,-96.4808
1184,255312,40.2156,-100.6294
1185,255112,41.2628,-96.6581
1186,255040,42.8294,-98.4583
1187,254795,40.8333,-96.7333
1188,253803,41.6733,-96.2164
1189,253735,40.175,-97.5903
1190,253620,42.6544,-104.0467
1191,253595,40.0892,-99.2133
1192,253469,41.13,-96.1989
1193,253395,40.9611,-98.3136
1194,253185,41.4514,-97.7644
1195,253037,40.0967,-98.9456
1196,252655,40.6997,-99.38
1197,252442,40.7261,-96.0275
1198,252225,40.1164,-95.7567
1199,252205,41.2492,-97.1328
1200,252100,40.6742,-100.4936
1201,252010,41.7103,-97.3697
1202,251575,42.8083,-103.0533
1203,251450,40.6944,-99.7008
1204,251345,41.7769,-99.1433
1205,251200,41.4083,-99.675
1206,250865,41.0469,-102.1467
1207,250777,41.3686,-96.095
1208,250622,40.2994,-96.75
1209,250580,42.58,-99.54
1210,250385,41.2481,-98.7989
1211,250260,42.0686,-102.5844
1212,250245,41.5975,-99.8258
1213,250180,42.2342,-98.9156
1214,250050,42.5522,-99.8556
1215,238880,36.7425,-91.8347
1216,238827,38.8128,-90.8561
1217,238754,36.8581,-92.5875
1218,238746,38.5425,-90.9719
1219,238700,36.9231,-90.2836
1220,238620,38.2017,-91.9811
1221,238609,37.7119,-91.1328
1222,238524,38.9483,-94.3969
1223,238498,37.2333,-91.8833
1224,238444,40.0825,-93.6086
1225,238289,40.4344,-95.3883
1226,238171,38.2147,-91.1528
1227,238063,39.4,-93.7667
1228,238051,39.9714,-91.8872
1229,238003,40.22,-94.5444
1230,237967,36.9839,-94.5356
1231,237960,38.8667,-92.8333
1232,237813,40.2867,-95.0828
1233,237506,37.6331,-91.5364
1234,237455,38.7525,-90.3736
1235,237452,38.6308,-90.2707
1236,237435,39.7736,-94.9067
1237,237265,37.95,-91.8333
1238,237263,37.9572,-91.7758
1239,237214,37.5,-92.1333
1240,237130,40.3842,-93.9414
1241,237122,38.15,-90.8333
1242,237114,39.3328,-93.98
1243,236777,37.905,-93.3169
1244,236633,39.4333,-91.6667
1245,236563,40.0147,-94.1294
1246,236460,36.6597,-93.1261
1247,236438,38.35,-91.5
1248,236402,38.0492,-93.7036
1249,235987,37.8394,-94.3736
1250,235834,37.1528,-92.2636
1251,235754,38.5333,-93.2167
1252,235671,39.4194,-92.4369
1253,235562,39.1244,-91.4142
1254,235415,38.95,-91.9
1255,235307,37.3339,-92.9097
1256,235298,39.1342,-93.2225
1257,235207,36.5994,-89.9894
1258,235130,40.4892,-91.8781
1259,235121,40.4667,-93.3
1260,235027,37.3908,-93.9489
1261,234978,39.8833,-93.1833
1262,234825,37.685,-92.6936
1263,234694,38.2044,-92.6208
1264,234549,40.1,-92.55
1265,234379,39.0333,-94.5833
1266,234301,37.3656,-90.3631
1267,234273,38.5039,-90.28
1268,234271,38.5833,-92.1833
1269,233999,36.0436,-90.1114
1270,233940,36.6167,-93.2333
1271,233849,38.4844,-92.5881
1272,233835,39.2414,-92.5067
1273,233641,40.3167,-93.35
1274,233601,39.7233,-91.3719
1275,233369,40.4861,-94.4139
1276,233300,39.6333,-94.6
1277,233219,39.1753,-94.5936
1278,233079,38.8581,-91.93
1279,232809,37.7922,-90.4103
1280,232568,38.8681,-94.0353
1281,232547,37.2333,-90.97
1282,232318,40.4822,-92.3636
1283,231791,38.8169,-92.2183
1284,231790,38.9667,-92.3667
1285,231674,37.1319,-90.7756
1286,231640,39.3731,-90.9053
1287,231383,36.6728,-93.8578
1288,231283,39.0031,-90.6886
1289,231156,39.5833,-92.8167
1290,230539,37.69,-90.78
1291,230151,38.35,-94.5833
1292,230127,36.63,-91.3044
1293,230088,37.1528,-91.4439
1294,230022,37.0956,-89.9058
1295,229860,32.9028,-90.3817
1296,229617,30.7975,-89.6892
1297,229216,32.3567,-90.8444
1298,229079,34.3803,-89.5358
1299,229048,31.08,-90.0603
1300,229003,34.2667,-88.7697
1301,227820,34.12,-89.2947
1302,227815,34.3961,-89.7903
1303,227714,31.3719,-90.2986
1304,227592,32.1003,-89.0508
1305,227467,34.7356,-88.9486
1306,227276,32.1419,-89.5539
1307,227132,31.985,-90.9719
1308,226811,32.3161,-89.7994
1309,226721,30.35,-88.5667
1310,226718,30.3964,-88.4781
1311,226400,33.0044,-89.0631
1312,225776,32.3347,-88.7442
1313,225704,31.4664,-90.885
1314,225361,33.1544,-88.5586
1315,225247,33.1353,-89.0711
1316,225062,33.1383,-90.0628
1317,224966,31.1494,-88.555
1318,224472,32.3206,-90.0778
1319,224265,33.9278,-89.0083
1320,224001,34.6261,-89.1825
1321,223650,33.8056,-89.7711
1322,223645,33.8803,-89.7842
1323,223614,33.5167,-90.1833
1324,223107,32.3186,-89.4858
1325,222896,33.5625,-89.2356
1326,222281,32.7656,-88.7444
1327,221962,34.9175,-88.5228
1328,221900,32.4608,-89.2708
1329,221852,31.6419,-89.5572
1330,221743,33.7942,-90.7128
1331,221707,34.1864,-90.5572
1332,221389,32.6714,-90.0361
1333,220955,34.6686,-88.57
1334,220797,30.4375,-89.0278
1335,220237,34.7497,-90.1336
1336,220021,33.8297,-88.5214
1337,219170,43.645,-95.5803
1338,218947,45.8619,-96.565
1339,218679,48.8947,-95.33
1340,218543,47.5,-92.55
1341,218323,44.2394,-95.6308
1342,218235,48.4867,-95.9536
1343,217941,43.6933,-92.3925
1344,217917,43.6125,-91.6222
1345,217602,43.6303,-94.7744
1346,217460,46.7953,-93.3211
1347,217294,45.5433,-94.0514
1348,217184,43.8053,-91.75
1349,217004,43.9042,-92.4917
1350,216795,47.8769,-95.0161
1351,216612,47.2508,-93.5861
1352,216228,46.2147,-96.1783
1353,216166,46.0675,-93.6672
1354,215987,44.4761,-93.1486
1355,215298,46.9833,-92.7333
1356,214937,43.6658,-96.2022
1357,214793,45.9933,-94.3508
1358,214721,44.4697,-93.9025
1359,214652,47.2467,-94.2228
1360,214453,43.7019,-95.1517
1361,214026,48.5614,-93.3981
1362,213962,44.9089,-94.3675
1363,213863,46.4675,-92.3903
1364,213793,45.9919,-92.9928
1365,213587,46.8833,-96.25
1366,213417,48.1603,-90.8842
1367,213296,47.9708,-89.6906
1368,213202,44.9908,-93.3989
1369,212964,46.7336,-95.7064
1370,212543,47.9239,-91.8586
1371,212248,46.8369,-92.1833
1372,212166,44.0419,-92.8814
1373,211857,48.2667,-92.4667
1374,211812,45.2333,-96.1667
1375,211263,44.7183,-96.2697
1376,211227,45.5506,-93.1264
1377,211107,45.1969,-93.84
1378,210973,46.2681,-96.5914
1379,210754,47.7,-93.55
1380,210746,48.1969,-93.7994
1381,210157,43.8836,-94.1667
1382,210112,45.8686,-95.3942
1383,209218,42.2475,-83.6253
1384,208559,46.4792,-89.9322
1385,208443,43.3656,-83.5828
1386,208417,45.1703,-84.4397
1387,208293,46.1989,-85.0728
1388,207880,46.1833,-86.4667
1389,207828,43.2908,-85.0922
1390,207419,43.7319,-83.4592
1391,207366,46.4794,-84.3572
1392,206658,42.6389,-83.2556
1393,206300,43.0161,-84.18
1394,206215,46.8561,-89.3119
1395,205816,46.3133,-85.5106
1396,205567,43.4614,-86.4175
1397,205452,42.5794,-83.6844
1398,205178,46.5456,-87.3794
1399,204954,43.9067,-86.3942
1400,204641,42.7803,-84.5789
1401,204328,46.4864,-88.8917
1402,204320,43.1994,-85.7717
1403,204244,42.2833,-85.6
1404,204239,42.3,-85.6167
1405,204150,42.2597,-84.4594
1406,204090,45.7858,-88.0842
1407,203947,42.5936,-83.9322
1408,203936,44.3592,-84.6739
1409,203551,47.2333,-88.6167
1410,203516,46.2864,-87.4511
1411,203333,42.8825,-85.5239
1412,203295,43.0608,-86.2047
1413,203170,43.9758,-84.4908
1414,202846,42.9667,-83.7494
1415,202784,44.55,-85.4167
1416,202395,42.6742,-84.485
1417,202103,42.2314,-83.3308
1418,202102,42.4072,-83.0083
1419,202094,45.9983,-83.9014
1420,201780,47.4675,-87.8669
1421,201704,42.2333,-86.3167
1422,201680,41.94,-85.0183
1423,201675,41.9622,-84.9925
1424,201492,45.6528,-84.4725
1425,201486,46.3414,-86.9242
1426,201133,43.2,-83.05
1427,201088,46.5436,-89.1839
1428,200766,46.8864,-87.8639
1429,200735,41.9647,-86.4369
1430,200662,44.9758,-85.1981
1431,200632,43.8797,-84.4742
1432,200485,46.7833,-88.4833
1433,200230,42.2947,-83.7108
1434,200164,45.0717,-83.5644
1435,200128,42.5797,-85.7894
1436,200098,44.5667,-83.8
1437,199923,42.2706,-71.8731
1438,196783,42.5242,-71.1264
1439,196681,42.05,-70.1833
1440,196322,42.5333,-72.1833
1441,195251,41.6764,-70.9583
1442,195159,41.2531,-70.0608
1443,194875,42.094,-72.3136
1444,193985,42.291,-72.8595
1445,193821,41.665,-70.3039
1446,192501,41.3853,-70.5181
1447,192107,42.1103,-72.1269
1448,190998,42.1164,-71.9075
1449,190840,41.9539,-70.9572
1450,190770,42.3606,-71.0106
1451,190666,42.6325,-72.1233
1452,190510,42.3167,-73.1167
1453,190408,42.4283,-72.0275
1454,189030,39.45,-77.1833
1455,186844,39.6333,-76.7
1456,186408,39.6333,-79.1167
1457,185201,38.3167,-76.6667
1458,184030,39.6969,-78.1775
1459,183795,39.7,-79.15
1460,181995,38.9833,-76.95
1461,181530,39.6453,-77.4831
1462,180705,39.0167,-76.95
1463,180700,39.0303,-76.9314
1464,180470,39.2833,-76.6167
1465,180015,39.4717,-76.1697
1466,179593,44.1925,-69.1461
1467,176905,43.6497,-70.3003
1468,176430,44.8992,-68.6744
1469,175347,45.2564,-69.01
1470,175304,45.6503,-68.705
1471,174086,45.6233,-70.255
1472,173944,46.2061,-67.8417
1473,173353,45.4667,-69.5833
1474,173250,46.1411,-68.7906
1475,172878,47.2386,-68.6136
1476,172700,45.2172,-70.4825
1477,171472,46.6108,-69.5231
1478,170275,44.3156,-69.7972
1479,170200,47.0886,-69.025
1480,170100,44.3739,-68.2592
1481,169803,31.9622,-92.6561
1482,169357,31.5653,-91.4331
1483,168539,30.265,-89.7697
1484,168440,32.4472,-93.8239
1485,168067,32.5014,-92.6547
1486,167932,29.7286,-92.8181
1487,167738,32.4219,-93.6381
1488,166978,31.8922,-92.2422
1489,166664,29.9167,-90.1303
1490,166660,29.9933,-90.2511
1491,166582,31.7722,-93.0956
1492,166394,29.6833,-91.1761
1493,166324,31.6667,-92.9
1494,166305,32.4667,-92.1167
1495,166244,32.6053,-93.2947
1496,165620,30.3644,-91.1672
1497,165522,31.9672,-94.0003
1498,165266,31.1417,-93.2397
1499,165078,30.1247,-93.2283
1500,164816,32.355,-93.8619
1501,164700,30.2003,-92.6642
1502,164100,31.7833,-91.8167
1503,164030,30.5031,-90.3772
1504,163807,29.2339,-89.9961
1505,158719,37.8014,-85.1131
1506,157677,36.6667,-84.4833
1507,157473,38.3333,-85.2861
1508,157129,37.75,-83.0833
1509,157096,37.5833,-85.35
1510,156357,37.4833,-82.5167
1511,156170,38.2047,-84.2392
1512,156117,37.05,-88.55
1513,156091,37.7667,-87.15
1514,156012,38.3422,-83.1036
1515,155684,37.3347,-85.9503
1516,155370,37.5333,-82.3833
1517,155301,38.6,-84.2667
1518,155243,38.6869,-83.7872
1519,155067,37.3467,-87.5244
1520,155002,36.8833,-86.0333
1521,154955,38.2833,-85.8
1522,154954,38.1811,-85.7392
1523,154948,38.125,-82.6947
1524,154882,37.85,-84.0333
1525,154755,37.2508,-84.9328
1526,154202,37.5914,-83.3144
1527,153741,37.55,-83.7667
1528,153709,37.25,-83.2
1529,153203,38.4169,-84.8819
1530,152979,37.6372,-86.7206
1531,152908,38.4167,-83.75
1532,152358,37.5806,-86.7769
1533,151980,37.7056,-86.2214
1534,151855,39.0431,-84.6717
1535,151345,38.6583,-85.1456
1536,151120,37.2167,-82.5833
1537,151080,37.35,-83.3833
1538,150611,36.8581,-88.3364
1539,150381,36.8825,-83.8819
1540,148535,38.9011,-101.5831
1541,148427,38.8333,-95.1833
1542,148250,39.8283,-95.0881
1543,148235,38.4661,-101.7758
1544,148191,37.7417,-95.9333
1545,148167,39.0689,-95.6389
1546,147965,37.3797,-98.9192
1547,147809,38.7694,-94.6683
1548,147420,38.9933,-94.7147
1549,147248,39.7989,-97.7736
1550,147073,39.9,-95.9
1551,146725,38.55,-95.95
1552,146498,38.6456,-95.5656
1553,145888,39.1128,-100.9453
1554,145852,39.8114,-99.9386
1555,145787,39.8133,-100.2411
1556,145483,39.3769,-100.0719
1557,145210,38.5039,-95.7033
1558,145063,39.8383,-96.6364
1559,145039,38.3778,-97.0753
1560,144341,37.0175,-98.49
1561,144178,38.6078,-97.9597
1562,143997,39.6611,-98.3483
1563,143984,37.9233,-95.4242
1564,143810,39.6703,-95.5225
1565,143665,39.36,-99.8292
1566,143554,38.6003,-100.6197
1567,143527,38.8586,-99.3358
1568,143441,38.3306,-95.3783
1569,143366,37.9697,-97.5547
1570,143153,39.3706,-101.6986
1571,142938,38.6511,-98.9719
1572,142872,39.7067,-96.4186
1573,142432,37.0058,-101.8867
1574,142430,37.2775,-95.7769
1575,142164,37.7686,-99.9678
1576,142135,38.5656,-96.8483
1577,141867,38.6753,-96.5258
1578,141740,37.1764,-94.8397
1579,141730,38.8972,-100.1136
1580,141699,39.3925,-101.0689
1581,141612,38.9406,-95.3397
1582,141351,38.0528,-96.6378
1583,141233,37.0247,-97.6092
1584,140645,38.65,-98.6667
1585,140637,37.6556,-96.5353
1586,140443,38.9019,-95.8167
1587,140441,39.6978,-100.9708
1588,140326,37.8967,-98.2711
1589,139164,41.745,-95.7092
1590,138806,42.4686,-93.7972
1591,138706,42.5544,-92.4011
1592,138688,41.2828,-91.7069
1593,138646,41.0781,-95.0717
1594,138315,42.1869,-92.4728
1595,138303,41.9,-90.8667
1596,138231,40.8167,-95.75
1597,138131,40.9667,-95.7167
1598,137985,42.1792,-93.5817
1599,137855,43.2053,-91.9536
1600,137774,41.9811,-95.7769
1601,137700,43.0558,-96.1525
1602,137664,43.4403,-95.7225
1603,137602,42.7117,-92.5847
1604,137582,41.5117,-95.4414
1605,137572,42.9217,-93.2828
1606,137326,43.3817,-92.9233
1607,136975,42.8169,-95.9711
1608,136389,41.1078,-92.4467
1609,136209,42.0389,-94.0419
1610,135823,42.4981,-96.0692
1611,135796,40.9486,-91.5647
1612,135769,40.7053,-94.2428
1613,135732,41.75,-91.4333
1614,135584,41.5742,-95.8822
1615,135549,41.15,-95.8
1616,135315,43.0239,-91.1747
1617,135295,41.8875,-93.3919
1618,135198,42.0647,-92.9244
1619,134963,41.8564,-90.93
1620,134746,40.8761,-94.5614
1621,134644,42.8644,-95.5467
1622,134502,41.3336,-93.1117
1623,134381,40.3969,-91.3767
1624,134142,42.5189,-93.2536
1625,134133,41.65,-91.5
1626,134131,41.6833,-91.5167
1627,134116,41.6833,-91.4667
1628,134111,41.6667,-91.5
1629,133944,42.1558,-96.0831
1630,133877,42.65,-96.5333
1631,133720,43.0667,-96.45
1632,133473,41.7203,-92.7489
1633,133438,41.2981,-94.4561
1634,132977,43.2844,-93.6306
1635,132676,41.0333,-95.4
1636,132367,42.3978,-90.7036
1637,132208,41.5783,-93.6056
1638,131889,41.3167,-95.8167
1639,131793,41.8747,-94.6706
1640,131363,42.2011,-91.5286
1641,131354,40.7364,-92.8692
1642,131257,42.2975,-91.0133
1643,131245,41.2739,-95.4025
1644,130853,42.1256,-95.1886
1645,130608,42.2614,-90.4233
1646,130536,40.8236,-94.0475
1647,130241,41.7183,-93.5742
1648,130200,42.0208,-93.7742
1649,130149,40.7039,-93.3639
1650,129300,39.8778,-87.0372
1651,128999,41.5114,-87.0378
1652,128967,37.7953,-87.9931
1653,128784,40.2233,-86.1086
1654,128352,38.25,-87.25
1655,128187,41.7072,-86.3331
1656,128036,38.6728,-86.7978
1657,127999,39.5283,-85.7917
1658,127991,41.1828,-87.3425
1659,127930,38.9617,-85.8608
1660,127783,38.8833,-87.1833
1661,127482,41.0658,-86.2094
1662,127370,39.8833,-84.8833
1663,127298,40.9356,-87.1564
1664,126864,40.7453,-86.0717
1665,126697,38.4075,-86.1106
1666,126304,39.55,-86.1
1667,126151,37.9325,-87.3744
1668,126056,39.24,-86.2294
1669,125407,39.4042,-86.4517
1670,125337,40.58,-85.6586
1671,124973,39.8061,-85.3483
1672,124908,40.0517,-86.475
1673,124900,38.1833,-86.3333
1674,124837,41.6117,-86.7297
1675,124527,40.7592,-87.4353
1676,124497,41.4428,-85.2614
1677,124407,38.2667,-87.75
1678,124372,38.3861,-86.9408
1679,124364,39.1667,-87.1833
1680,124356,39.9222,-86.4569
1681,124286,39.7681,-86.1806
1682,124259,39.7317,-86.2789
1683,124181,40.8556,-85.4981
1684,123777,40.4356,-85.2892
1685,123714,38.1975,-86.2686
1686,123418,41.5575,-85.8825
1687,123134,41.7333,-84.95
1688,123095,39.5167,-86.0667
1689,123082,40.2986,-86.5067
1690,123062,40.6167,-87.3167
1691,123037,41.0061,-85.2056
1692,122825,40.2539,-85.1483
1693,122725,38,-86
1694,122645,39.5333,-86.6333
1695,122309,38.4558,-86.7
1696,121929,38.7908,-85.8483
1697,121873,39.9664,-86.9289
1698,121814,38.2181,-86.1178
1699,121752,39.2106,-85.8883
1700,121739,41.145,-85.4897
1701,121256,37.8994,-86.7072
1702,121212,39.4881,-86.9181
1703,121147,40.4875,-86.4089
1704,120830,40.7478,-85.1733
1705,120482,39.2969,-85.2186
1706,120200,41.6397,-84.99
1707,120177,40.1122,-85.7175
1708,120132,39.5736,-85.1583
1709,119816,40.7764,-90.0203
1710,119193,38.5306,-88.0219
1711,119090,41.0667,-89.0667
1712,119010,41.765,-88.7561
1713,118990,40.6953,-89.4372
1714,118781,38.9703,-89.0922
1715,118740,40.0842,-88.2406
1716,118389,39.5608,-88.6067
1717,118278,41.8167,-87.75
1718,118179,39.8447,-89.6839
1719,118147,38.1167,-89.7167
1720,117990,42.0167,-87.7167
1721,117876,39.4106,-88.7797
1722,117382,42.1928,-89.0931
1723,117077,39.9058,-91.4281
1724,117014,41.6808,-89.9403
1725,116973,38.0814,-90.0981
1726,116837,39.6222,-90.8058
1727,116819,40.7569,-88.1828
1728,116711,40.6675,-89.6839
1729,116610,39.6356,-87.6933
1730,116490,41.9783,-89.3639
1731,116159,38.9136,-88.1183
1732,115983,37.7608,-89.3656
1733,115751,41.4653,-90.5233
1734,115493,42.3103,-88.2525
1735,115413,40.2003,-89.6775
1736,115334,40.5019,-90.3892
1737,115216,38.7667,-88.5
1738,115136,41.5667,-88.0833
1739,114879,42.0925,-89.8422
1740,114715,41.25,-89.9167
1741,114603,41.1381,-87.8856
1742,114317,39.1333,-87.6578
1743,114198,40.4744,-87.6558
1744,113666,39.3425,-90.2058
1745,113522,37.3789,-88.4894
1746,113290,41.8981,-90.1539
1747,113262,42.2953,-89.6061
1748,113109,38.7156,-88.5822
1749,112993,40.2228,-88.6508
1750,112687,39.1189,-88.6242
1751,112642,40.9333,-89.6333
1752,112417,40.4333,-88.8667
1753,112353,37.4367,-88.6672
1754,112332,39.35,-88.1667
1755,112140,40.1389,-87.6483
1756,112011,41.4492,-87.6222
1757,111944,38.2167,-89.65
1758,111664,38.5047,-88.4094
1759,111564,41.75,-87.55
1760,111557,41.8167,-87.65
1761,111549,41.995,-87.9336
1762,111542,41.9667,-87.75
1763,111523,41.9,-87.6
1764,111522,41.6667,-87.6167
1765,111290,38.6308,-89.3658
1766,111284,39.2881,-89.87
1767,111166,37.0425,-89.1856
1768,110583,42.255,-88.8644
1769,110510,38.52,-89.8467
1770,110330,40.2378,-90.9456
1771,110281,38.3306,-89.1814
1772,107211,42.9203,-112.5711
1773,105567,42.3019,-113.335
1774,105544,42.2,-112.2667
1775,103811,42.345,-115.8833
1776,103677,42.9183,-114.6964
1777,101298,42.55,-113.8
1778,98935,34.7206,-83.7219
1779,98517,32.7322,-81.6178
1780,98223,33.2725,-82.9669
1781,97610,34.35,-85.1667
1782,97605,34.165,-85.2583
1783,97468,31.9586,-81.3289
1784,96879,31.2928,-82.8422
1785,96091,34.9329,-83.392
1786,95971,33.7833,-83.7167
1787,95876,33.0864,-83.2197
1788,95874,33.0831,-83.2497
1789,95314,33.0125,-82.3914
1790,95165,33.8706,-83.1136
1791,94949,33.065,-85.0294
1792,94941,34.6483,-85.3619
1793,94688,34.55,-84.25
1794,94671,31.6081,-81.8797
1795,94651,34.4556,-84.4564
1796,94623,33.32,-83.8436
1797,94070,33.2333,-84.55
1798,94033,32.75,-84.9333
1799,93409,31.8833,-81.4167
1800,93312,30.6908,-82.5633
1801,93028,31.5664,-84.7339
1802,92844,32.5569,-82.8997
1803,92578,34.4206,-84.1039
1804,92485,33.9881,-84.7475
1805,92479,34.5719,-84
1806,92246,34.6333,-84.05
1807,92238,31.0167,-83.8667
1808,91998,34.4503,-83.855
1809,91973,32.1678,-81.9008
1810,91908,34.9033,-85.2714
1811,91863,34.7589,-84.765
1812,91715,34.05,-85.35
1813,91640,33.5972,-85.0806
1814,91619,34.4125,-83.2067
1815,91585,34.2361,-84.4956
1816,91474,34.4833,-84.9667
1817,91372,32.3178,-84.5203
1818,91345,31.1522,-81.3908
1819,90787,32.15,-81.9667
1820,90586,30.8228,-84.6175
1821,90581,30.9167,-84.5833
1822,90451,33.63,-84.4417
1823,90435,33.9481,-83.3275
1824,90219,34.0661,-84.3233
1825,90181,34.165,-84.73
1826,90044,34.3417,-84.8389
1827,90010,31.9381,-83.3078
1828,89795,30.7219,-84.8742
1829,89525,26.6847,-80.0994
1830,89417,30.6333,-85.5833
1831,89184,27.135,-81.3303
1832,89010,25.7647,-80.4775
1833,88788,27.9614,-82.5403
1834,88780,25.7608,-80.8242
1835,87886,27.7631,-82.6272
1836,87851,28.3378,-82.26
1837,87440,30.0678,-82.1928
1838,86988,25.9297,-80.4539
1839,86842,30.2492,-85.6606
1840,86828,29.9989,-84.485
1841,86657,26.7897,-81.3044
1842,86638,28.55,-81.3333
1843,86628,28.4339,-81.325
1844,86584,28.9333,-81.3
1845,86485,27.1508,-80.8653
1846,86323,26.3336,-80.5372
1847,86240,30.5316,-86.4928
1848,85880,30.4406,-83.9858
1849,85879,30.4922,-83.7833
1850,85663,25.7906,-80.3164
1851,85612,28.0958,-80.6308
1852,85391,29.67,-81.215
1853,85237,29.2003,-81.9306
1854,85182,26.6833,-80.2667
1855,85076,28.8728,-81.7844
1856,85035,24.9027,-80.696
1857,84797,28.0206,-81.9219
1858,84625,28.2764,-81.4239
1859,84570,24.555,-81.7522
1860,84358,30.495,-81.6936
1861,84273,29.0253,-82.6158
1862,84091,25.5,-80.5
1863,83909,25.8175,-80.2858
1864,83538,30.9575,-85.5331
1865,83186,26.585,-81.8614
1866,83165,26.0719,-80.1536
1867,82158,29.1828,-81.0483
1868,81986,30.7797,-86.5225
1869,81048,28.4811,-82.4353
1870,81046,28.6164,-82.3658
1871,81020,30.4181,-84.9861
1872,80845,26.3675,-80.1108
1873,80765,30.9833,-86.65
1874,80211,29.7258,-85.0206
1875,73570,38.6333,-75.45
1876,68330,41.6931,-73.06
1877,68138,41.795,-72.2286
1878,66942,41.8667,-72.4333
1879,65445,41.9725,-73.2208
1880,64488,41.7572,-72.1858
1881,63857,41.6297,-71.9014
1882,63451,41.7333,-72.65
1883,61093,41.4833,-73.4667
1884,60806,41.1583,-73.1289
1885,59096,40.0375,-106.2039
1886,59045,38.9167,-107.5167
1887,58997,37.8675,-104.1139
1888,58781,37.6464,-104.7681
1889,58742,37.8,-106.8333
1890,58434,37.2622,-104.3378
1891,58429,37.1789,-104.4867
1892,58204,37.9492,-107.8733
1893,58064,39.2494,-106.3714
1894,57867,37.2833,-102.6167
1895,57866,37.3692,-102.7431
1896,57664,39.1397,-104.0878
1897,57656,37.8117,-107.6614
1898,57560,39.5719,-103.2922
1899,57519,39.295,-102.8675
1900,57430,37.1953,-105.4244
1901,57337,38.0858,-106.1444
1902,57315,37.9,-104.9333
1903,57031,39.55,-107.7333
1904,56740,38.29,-104.4983
1905,56326,39.5289,-104.6567
1906,56299,40.6167,-102.4667
1907,56280,39.1203,-104.9169
1908,56136,38.53,-103.7058
1909,56023,40.7064,-104.7833
1910,55922,40.6089,-103.8461
1911,55819,37.5833,-105.1833
1912,55805,39.6573,-105.2226
1913,55711,37.4833,-106.15
1914,55706,37.5806,-106.1861
1915,55531,37.1986,-108.4883
1916,55487,40.0333,-107.9167
1917,55484,40.0358,-107.9058
1918,55048,40,-108.2
1919,54877,39.7655,-105.626
1920,54750,38.8157,-104.9931
1921,54742,38.9075,-105.4706
1922,54538,37.4533,-103.3219
1923,54293,39.5736,-105.2197
1924,54172,39.1439,-103.4897
1925,54155,39.9875,-104.0847
1926,53662,38.5258,-106.9675
1927,53584,39.2167,-104.7383
1928,53553,40.4022,-104.6992
1929,53539,40.7167,-107.7
1930,53500,40.185,-105.8667
1931,53488,39.1342,-108.5375
1932,53477,38.0611,-102.3111
1933,53386,39.7036,-105.2264
1934,53007,40.6647,-105.2233
1935,53005,40.5762,-105.0857
1936,52667,38.8333,-104.3333
1937,52535,40.1089,-102.4867
1938,52446,38.4775,-102.7808
1939,52432,37.2833,-107.8833
1940,52354,40.4333,-105.3394
1941,52286,40.2442,-108.9719
1942,52223,39.7294,-105.0083
1943,52220,39.7633,-104.8694
1944,52162,39.6419,-104.0775
1945,52040,37.75,-104.6
1946,51778,38.81,-104.6883
1947,51713,38.4461,-106.7611
1948,51693,38.3833,-105.7833
1949,51539,38.115,-103.51
1950,51528,39.2203,-105.2783
1951,51440,38.9,-107.9333
1952,51401,39.4106,-104.9058
1953,51179,39.7403,-104.1275
1954,51126,39.4833,-102.1667
1955,50834,39.6569,-102.1183
1956,50372,39.1881,-106.8361
1957,50304,38.8528,-102.1764
1958,50263,38.9933,-105.8919
1959,50130,37.4361,-105.8656
1960,50109,40.155,-103.1417
1961,49855,37.7567,-119.5883
1962,49851,38.9053,-123.2314
1963,49722,33.7167,-117.0833
1964,49666,34.02,-118.0858
1965,49605,39.0278,-121.3908
1966,49604,39.0167,-121.4333
1967,49540,39.9333,-121.5333
1968,49512,35.6667,-118.3
1969,49490,40.7222,-122.9331
1970,49456,34.9667,-119.8667
1971,49447,33.2833,-116.6333
1972,49423,37.8833,-122.0333
1973,49386,40.95,-122.45
1974,49325,34.535,-117.3058
1975,49283,34.85,-119.4833
1976,49189,36.6333,-121.0333
1977,49185,37.7719,-122.1675
1978,49158,34.1333,-117.65
1979,49120,35.8833,-118.65
1980,49053,41.96,-121.4744
1981,49043,39.3311,-120.1892
1982,48992,33.6583,-117.5894
1983,48928,38.4461,-120.4992
1984,48917,36.465,-118.8619
1985,48912,36.3711,-118.8475
1986,48892,33.6358,-116.1639
1987,48885,38.8039,-122.8128
1988,48873,40.8667,-120.4333
1989,48844,33.4972,-117.1508
1990,48826,35.1333,-118.45
1991,48752,35.14,-119.4492
1992,48703,40.4239,-120.6747
1993,48697,34.6828,-120.5364
1994,48680,36.8975,-121.8347
1995,48655,33.7153,-117.1903
1996,48587,39.5858,-122.5339
1997,48558,37.8892,-121.2258
1998,48463,36.1933,-118.6567
1999,48460,36.1422,-118.8114
2000,48436,34.05,-117.8167
2001,48355,38.3511,-119.45
2002,48332,39.3256,-120.3672
2003,48331,39.3167,-120.3833
2004,48277,36.0667,-120.65
2005,48261,34.2839,-118.8119
2006,48243,33.7425,-117.66
2007,48230,33.7967,-118.1675
2008,48218,39.5833,-120.3706
2009,48135,40.7142,-122.4161
2010,48092,34.1661,-118.4728
2011,48072,38.4086,-122.8211
2012,48025,41.3011,-123.1331
2013,47987,33.7869,-117.7217
2014,47976,34.6078,-120.0692
2015,47926,34.1128,-117.9686
2016,47902,34.4167,-119.6853
2017,47891,34.1017,-117.1061
2018,47870,33.25,-119.45
2019,47846,37.0533,-121.0578
2020,47837,33.5922,-117.5144
2021,47821,37.3497,-121.9033
2022,47817,37.0908,-119.7231
2023,47813,33.7869,-116.9592
2024,47779,34.2053,-117.8608
2025,47772,37.7694,-122.4333
2026,47769,37.6581,-122.4378
2027,47767,37.7278,-122.5044
2028,47762,34.3167,-118.5
2029,47755,37.0167,-121.3333
2030,47735,34.75,-118.7333
2031,47723,34.1344,-117.2539
2032,47719,36.5092,-121.0869
2033,47646,38.4931,-122.5383
2034,47633,38.5556,-121.4169
2035,47630,38.5069,-121.495
2036,47600,34.2067,-117.0864
2037,47581,40.7956,-121.935
2038,47489,38.9,-120.3833
2039,47473,33.9667,-117.35
2040,47304,40.5175,-122.2986
2041,47292,40.1519,-122.2536
2042,47123,33.8903,-117.6453
2043,47109,39.3619,-123.1286
2044,47108,39.3,-123.0667
2045,47085,39.8053,-120.4719
2046,46998,39.7578,-120.6964
2047,46964,38.7311,-120.8461
2048,46942,34.4,-118.7
2049,46940,34.4061,-118.7569
2050,46910,34.6103,-119.3667
2051,46893,38.1833,-120
2052,46826,38.2578,-122.6078
2053,46736,35.6833,-120.75
2054,46730,35.6278,-120.6856
2055,46699,34.2903,-114.1708
2056,46646,37.4436,-122.1403
2057,46624,34.5833,-118.1
2058,46521,39.5178,-121.5531
2059,46473,33.9378,-117.885
2060,46379,33.2103,-117.3536
2061,46356,38.4,-122.4667
2062,46162,34.3894,-118.5336
2063,46154,34.9458,-119.6811
2064,46115,34.85,-114.5667
2065,46105,39.1733,-123.5642
2066,46006,34.2264,-118.0647
2067,45983,41.3206,-122.3081
2068,45909,38.75,-120.6667
2069,45900,34.2333,-117.65
2070,45844,37.1333,-121.6167
2071,45840,32.6856,-116.5219
2072,45785,41.7806,-122.4717
2073,45756,35.0492,-118.1619
2074,45741,37.6256,-121.0314
2075,45679,40.3458,-121.6092
2076,45669,36.2756,-118.7675
2077,45632,34.0914,-116.9364
2078,45623,40.1414,-120.3533
2079,45586,39.05,-120.7333
2080,45535,37.3061,-120.4831
2081,45449,41.2514,-122.1383
2082,45417,34.4839,-119.3056
2083,45371,37.97,-122.1275
2084,45356,38.6919,-119.7803
2085,45258,38.8542,-122.7778
2086,45218,34.2333,-117.4667
2087,45212,34.095,-117.3347
2088,45151,35.6169,-119.6892
2089,45114,33.9381,-118.4056
2090,45098,35.3,-118.4333
2091,45085,33.8117,-118.1464
2092,45078,38.1833,-120.0167
2093,45067,36.4431,-118.0433
2094,45017,35.9667,-121.0833
2095,44986,34.3167,-118.3
2096,44851,39.7,-123.4833
2097,44726,33.1667,-117
2098,44712,38.4919,-122.0039
2099,44690,40.0167,-123.4
2100,44616,38.8,-120.15
2101,44587,40.6425,-123.9144
2102,44577,41.5786,-124.0747
2103,44555,36.2069,-121.1378
2104,44297,34.1472,-115.1219
2105,44235,36.7667,-118.3333
2106,44232,36.8,-118.2
2107,44191,40.6164,-123.4567
2108,44144,35.0833,-120.3833
2109,44097,39.0167,-123
2110,44082,41.05,-123.6667
2111,44035,36.9103,-121.255
2112,44025,36.8483,-121.4214
2113,43939,37.9614,-119.7831
2114,43914,33.2367,-116.7614
2115,43891,39.0583,-120.415
2116,43855,33.7044,-115.6289
2117,43791,40.3636,-122.965
2118,43761,41.8042,-123.3758
2119,43751,34.2608,-118.3853
2120,43725,40.2667,-121.0833
2121,43669,37.8444,-120.2258
2122,43666,37.8333,-120.2167
2123,43649,38.6333,-120.5167
2124,43573,39.2042,-121.0681
2125,43551,36.7394,-118.9631
2126,43502,36.5333,-121.2833
2127,43465,35.725,-118.6797
2128,43463,35.7269,-118.7006
2129,43419,37.0328,-121.4317
2130,43397,36.5667,-118.7667
2131,43384,38.9333,-120.8
2132,43381,38.9167,-120.8333
2133,43357,41.8453,-123.9647
2134,43288,33.8833,-117.9167
2135,43285,33.8964,-117.8881
2136,43257,36.78,-119.7194
2137,43182,41.6,-122.8478
2138,43161,39.5092,-123.7567
2139,43048,34.7333,-120
2140,43038,38.5236,-120.7061
2141,42994,39.6,-121.2667
2142,42958,33.35,-117.25
2143,42910,40.8097,-124.1603
2144,42895,34.1317,-117.5239
2145,42863,33.1186,-117.0969
2146,42805,33.6692,-117.3319
2147,42775,33.8,-117.7833
2148,42749,41.9881,-123.7183
2149,42713,32.7669,-115.5617
2150,42709,32.8839,-116.8164
2151,42500,39.5633,-120.8239
2152,42432,34,-117.8
2153,42306,41.2122,-121.3742
2154,42294,38.535,-121.7761
2155,42257,34.8536,-116.7858
2156,42255,34.8611,-116.8556
2157,42249,34.85,-119.4833
2158,42239,32.9897,-116.5872
2159,42164,34.2428,-117.2708
2160,42150,41.7667,-124.2
2161,42139,32.8833,-116.2833
2162,42048,36.9897,-121.805
2163,42012,36.0975,-119.5817
2164,41886,41.0894,-122.7086
2165,41754,34.8078,-119.0114
2166,41743,35.7167,-120.25
2167,41715,39.6911,-121.8211
2168,41540,34.4,-119.4833
2169,41520,33.9581,-117.7792
2170,41518,33.9231,-117.7778
2171,41462,39.45,-121.05
2172,41428,38.2486,-120.8433
2173,41404,34.25,-118.1
2174,41369,34.1492,-116.9803
2175,41300,35.8833,-118.6833
2176,41272,34.39,-117.5925
2177,41253,34.5667,-119.9833
2178,41194,34.2,-118.3667
2179,41170,36.7667,-121.1833
2180,41161,39.9,-121.2
2181,41142,35.7989,-121.0939
2182,41130,39.6833,-121.3333
2183,41072,38.2472,-119.2203
2184,41057,33.8906,-117.9264
2185,41018,39.4539,-120.6556
2186,41005,37.1422,-122.1964
2187,40979,35.0042,-117.6503
2188,40927,33.6186,-114.7142
2189,40925,33.6167,-114.7167
2190,40897,39.2775,-120.7103
2191,40883,38.9092,-120.6678
2192,40822,37.3711,-118.3581
2193,40818,34.1833,-118.5
2194,40779,34.3833,-117.6833
2195,40742,34.2417,-116.9764
2196,40731,41.1208,-121.1347
2197,40693,37.8744,-122.2589
2198,40619,34.0833,-118.45
2199,40606,33.9292,-116.975
2200,40449,36.9092,-119.0883
2201,40442,35.4167,-119.05
2202,40436,35.2658,-116.0736
2203,40422,36.6328,-119.0122
2204,40322,36.2356,-121.48
2205,40239,34.8667,-119.3333
2206,40235,33.555,-116.6728
2207,40176,34.5667,-115.75
2208,40161,41.5,-120.55
2209,40115,34.3167,-118.55
2210,40014,34.4947,-118.2714
2211,38052,35.2547,-90.7964
2212,37744,36.3167,-91.9
2213,37488,34.8992,-94.1942
2214,37048,33.4536,-94.0075
2215,36393,35.8236,-93.7672
2216,36016,33.0667,-94.0333
2217,35908,33.8203,-93.3878
2218,35602,35.9547,-93.2419
2219,35320,34.8353,-92.2597
2220,35228,36.2494,-92.2561
2221,35112,33.9303,-93.8514
2222,35110,34.1453,-93.7139
2223,35036,36.3458,-92.3939
2224,34988,34.5408,-93.5878
2225,34906,33.3167,-91.4833
2226,34839,33.6772,-93.9903
2227,34696,36.05,-92.65
2228,34638,34.7336,-90.7661
2229,34248,34.7272,-92.2389
2230,34185,33.3614,-93.5678
2231,33904,33.8333,-92.2667
2232,33556,33.0333,-92.0833
2233,33132,36.2747,-91.5056
2234,32978,35.5206,-91.9997
2235,32908,34.25,-94.3333
2236,32794,35.9833,-92.7167
2237,32574,35.3331,-94.3625
2238,32544,33.7164,-94.3814
2239,32444,36.1006,-94.1744
2240,32356,36.4,-93.75
2241,32148,33.8847,-91.5317
2242,32020,34.1475,-94.0889
2243,31952,34.1003,-94.3725
2244,31834,35.0386,-93.3944
2245,31632,36.4197,-90.5858
2246,31582,36.0833,-93.3
2247,31457,35.5328,-93.4036
2248,31152,33.59,-92.8236
2249,31140,33.3111,-92.485
2250,31020,36.3647,-92.5781
2251,30936,34.8825,-91.1878
2252,30900,34.9458,-93.4636
2253,30842,35.72,-92.4708
2254,30832,35.0931,-93.9258
2255,30764,34.5697,-93.1947
2256,30616,36.3667,-93.5667
2257,30530,35.0644,-91.8961
2258,30458,35.8306,-91.7944
2259,30326,35.3056,-91.3878
2260,30220,34.1433,-93.0589
2261,30178,34.0292,-93.4211
2262,30136,34.8,-93.4667
2263,30130,34.7961,-92.8417
2264,30064,35.9289,-91.0583
2265,29534,33.8167,-110.9167
2266,29279,32.8167,-109.5167
2267,29271,33.8169,-109.9833
2268,28895,36.2861,-113.0636
2269,28820,32.1833,-110.9167
2270,28409,32.6167,-109.6167
2271,28348,33.3008,-111.0967
2272,28264,33.55,-110.95
2273,27876,33.7986,-110.9714
2274,27708,34.8667,-111.7667
2275,27593,31.7625,-110.8464
2276,26546,32.8333,-110.0167
2277,26323,34.2333,-111.3333
2278,26194,33.0758,-113.03
2279,26180,36.9167,-111.45
2280,26119,32.6025,-110.7344
2281,25924,31.4444,-110.965
2282,25325,34.4333,-112.25
2283,24586,35.8111,-110.1917
2284,23010,35.1333,-111.6667
2285,22754,32.7481,-109.1214
2286,22659,31.35,-109.5333
2287,21870,32.0589,-109.8908
2288,21314,32.9947,-111.5367
2289,20966,32.4333,-109.7
2290,20808,33.4783,-109.7517
2291,20487,35.1989,-112.4886
2292,20100,34.2303,-113.5767
2293,20080,32.3683,-112.8619
2294,18673,32.7744,-87.8306
2295,18670,33.7925,-86.8258
2296,18385,33.2097,-87.5936
2297,18259,34.9,-86.7333
2298,18209,32.9206,-86.6708
2299,18178,31.9172,-87.7347
2300,16370,31.5883,-87.2681
2301,16226,34.7,-86.3333
2302,15635,34.4883,-87.2989
2303,15625,34.4667,-87.3
2304,15550,32.2997,-86.4075
2305,15478,30.6883,-88.2456
2306,15397,32.0597,-85.4953
2307,15112,32.7028,-87.2681
2308,14209,33.8167,-85.7664
2309,14193,31.525,-87.9278
2310,13655,34.0619,-86.7625
2311,13620,34.2311,-87.6347
2312,13578,34.3667,-86.2833
2313,13519,31.7901,-86.6087
2314,13043,34.4406,-85.7236
2315,12675,31.3147,-85.8797
2316,12377,31.1942,-85.3708
2317,12172,30.25,-88.0833
2318,12119,32.8167,-85.75
2319,11819,34.75,-87.85
2320,10957,34.2008,-86.1633
2321,10831,33.5656,-86.745
2322,10748,33.6944,-87.6497
2323,10402,31.1819,-87.4389
2324,10252,31.3067,-86.5222
2325,10063,34.2031,-87.1814
2326,10008,31.5703,-85.2483
2327,6960,32.91,-112.5322
2328,6880,33.22,-112.3086
2329,6730,33.297,-111.3953
2330,6670,33.441,-111.5519
2331,6610,33.261,-111.6289
2332,5805,34.505,-112.1422
2333,5775,34.39,-112.1283
2334,5760,34.531,-111.9456
2335,5745,34.23,-112
2336,5730,34.186,-112.1344
2337,5670,33.965,-112.4286
2338,5535,33.676,-112.1533
2339,5490,33.928,-112.5283
2340,5475,33.822,-112.5903
2341,5445,33.677,-112.4231
2342,5215,33.715,-112.8822
2343,5180,33.943,-113.0008
2344,5170,33.902,-113.2983
2345,243,33.9344,-116.3908
2346,233,33.9897,-116.6556
2347,224,33.8369,-116.6125
2348,222,33.82,-116.3928
2349,216,33.8319,-116.5578
2350,178,34.0028,-117.3778
2351,157,33.5856,-116.4472
2352,155,33.9878,-117.2689
2353,151,33.8644,-117.1958
2354,128,33.5547,-117.2319
2355,102,33.8528,-117.4542
2356,62,33.65,-117.4119
2357,35,33.8436,-117.5756
2358,34,33.7803,-116.4575
2359,11,33.9722,-116.9117
2360,2,33.4444,-116.8797
